{"cameraMode":{"drawMode":0,"name":"Shaded","section":"Shading Mode"},"sceneLighting":true,"audioPlay":false,"sceneViewState":{"m_AlwaysRefresh":false,"showFog":true,"showSkybox":true,"showFlares":true,"showImageEffects":true,"showParticleSystems":true,"showVisualEffectGraphs":true,"m_FxEnabled":true},"in2DMode":false,"pivot":{"x":2.3672499656677248,"y":-0.0015221589710563422,"z":0.003288987325504422},"rotation":{"x":-0.003908239305019379,"y":-0.787758469581604,"z":0.0049484302289783958,"w":-0.616166889667511},"size":2.0637967586517336,"orthographic":false}